eBird_name,
"Apteryx maxima","Apteryx haastii"
"Ortalis guttata","Ortalis guttata (Spix, 1825)"
"Xenoperdix udzungwensis obscuratus","Xenoperdix udzungwensis subsp. obscurata Fjeldså & Kiure, 2003"
"Aplopelia larvata inornata","Columba larvata subsp. inornata (Reichenow, 1892)"
"Aplopelia larvata principalis","Columba larvata subsp. principalis (Hartlaub, 1866)"
"Aplopelia larvata simplex","Columba larvata subsp. simplex (Hartlaub, 1849)"
"Aplopelia larvata larvata/bronzina","['Columba larvata subsp. larvata Sibley & Monroe, 1990','Columba larvata subsp. bronzina Rüppell, 1837']"
"Ducula rubricera rubricera","Ducula rubricera subsp. rubricera"
"Coua serriana","Coua serriana Pucheran, 1845"
"Centropus burchellii","Centropus superciliosus subsp. burchellii Swainson, 1838"
"Eudynamys melanorhynchus","Eudynamys scolopaceus subsp. melanorhynchus S.Muller, 1843"
"Chalcites lucidus harterti","Chrysococcyx lucidus subsp. harterti (Mayr, 1932)"
"Chalcites lucidus lucidus","Chrysococcyx lucidus subsp. lucidus (Gmelin, 1788)"
"Chalcites lucidus plagosus","Chrysococcyx lucidus subsp. plagosus (Latham, 1802)"
"Chalcites minutillus [minutillus Group]","['Chrysococcyx minutillus subsp. peninsularis S.A.Parker, 1981', 'Chrysococcyx minutillus subsp. albifrons (Junge, 1938)', 'Chrysococcyx minutillus subsp. cleis', 'Chrysococcyx minutillus subsp. minutillus', 'Chrysococcyx minutillus subsp. barnardi Mathews, 1912']"
"Chalcites minutillus [poecilurus Group]","['Chrysococcyx minutillus subsp. aheneus (Junge, 1938)', 'Chrysococcyx minutillus subsp. jungei (Stresemann, 1938)', 'Chrysococcyx minutillus subsp. misoriensis (Salvadori, 1876)', 'Chrysococcyx minutillus subsp. poecilurus G.R.Gray, 1862', 'Chrysococcyx minutillus subsp. russatus Gould, 1868', ]"
"Chalcites minutillus rufomerus/salvadorii","['Chrysococcyx minutillus subsp. rufomerus Hartert, 1900', 'Chrysococcyx minutillus subsp. salvadorii (Hartert, Ejo & Stresemann, 1925)']"
"Lurocalis semitorquatus nattereri","Lurocalis semitorquatus subsp. nattererii (Temminck, 1822)"
"Tepuiornis whitelyi","Setopagis whitelyi (Salvin, 1885)"
"Quechuavis decussata","Systellura decussata (Tschudi, 1844)"
"Antiurus maculicaudus","Hydropsalis maculicaudus (Lawrence, 1862)"
"Caprimulgus ritae",""
"Aegotheles terborghi","Aegotheles bennettii subsp. terborghi Diamond, 1967"
"Anthracothorax nigricollis nigricollis",""
"Pampa curvipennis pampa","Campylopterus curvipennis subsp. pampa (R.Lesson, 1832)"
"Ramosomyia viridifrons wagneri","Ramosomyia wagneri (A.R.Phillips, 1966)"
"Chrysuronia boucardi","Amazilia boucardi (Mulsant, 1877)"
"Gallirallus woodfordi tertius","Hypotaenidia woodfordi subsp. tertia (Mayr, 1949)"
"Gallirallus woodfordi immaculatus","Hypotaenidia woodfordi subsp. immaculata (Mayr, 1949)"
"Gallirallus woodfordi woodfordi","Hypotaenidia woodfordi subsp. woodfordi"
"Aramides cajaneus","Aramides cajanea (Statius Muller, 1776)"
"Amaurornis moluccana","Amaurornis moluccanus (Wallace, 1865)"
"Rufirallus schomburgkii","Micropygia schomburgkii (Cabanis, 1848)"
"Rufirallus fasciatus","Laterallus fasciatus (P.L.Sclater & Salvin, 1868)"
"Rufirallus leucopyrrhus","Laterallus leucopyrrhus (Vieillot, 1819)"
"Rufirallus xenopterus","Laterallus xenopterus Conover, 1934"
"Laterallus notatus","Coturnicops notatus (Gould, 1841)"
"Laterallus spilonota","Laterallus spilonotus (Gould, 1841)"
"Laterallus spilopterus","Laterallus spiloptera (Durnford, 1877)"
"Hesperoburhinus bistriatus","Charadrius bistriatus Wagler, 1829"
"Hesperoburhinus superciliaris","Oedicnemus superciliaris Tschudi, 1843"
"Thinornis melanops","Charadrius melanops Vieillot, 1818"
"Thinornis forbesi","Charadrius forbesi (Shelley, 1883)"
"Thinornis tricollaris","Charadrius tricollaris Vieillot, 1818"
"Thinornis tricollaris tricollaris","Charadrius tricollaris subsp. tricollaris Vieillot, 1818"
"Thinornis tricollaris bifrontatus","Charadrius tricollaris subsp. bifrontatus Cabanis, 1882"
"Thinornis dubius","Charadrius dubius Scopoli, 1786"
"Thinornis dubius curonicus","Charadrius dubius subsp. curonicus J.F.Gmelin, 1789"
"Thinornis dubius dubius/jerdoni","['Charadrius dubius subsp. dubius Scopoli, 1786','Charadrius dubius subsp. jerdoni (Legge, 1880)']"
"Thinornis placidus","Charadrius placidus J.E.Gray & G.R.Gray, 1863"
"Anarhynchus mongolus","Charadrius mongolus Pallas, 1776"
"Anarhynchus atrifrons","Charadrius atrifrons Wagler, 1829"
"Anarhynchus bicinctus","Charadrius bicinctus Jardine & Selby, 1827"
"Anarhynchus obscurus","Charadrius obscurus J.F.Gmelin, 1789"
"Anarhynchus obscurus aquilonius","Charadrius obscurus subsp. aquilonius Dowding, 1994"
"Anarhynchus obscurus obscurus","Charadrius obscurus subsp. obscurus"
"Anarhynchus wilsonia","Charadrius wilsonia Ord, 1814"
"Anarhynchus collaris","Charadrius collaris Vieillot, 1818"
"Anarhynchus montanus","Charadrius montanus J.K.Townsend, 1837"
"Anarhynchus alticola","Charadrius alticola (Berlepsch & Stolzmann, 1902)"
"Anarhynchus falklandicus","Charadrius falklandicus Latham, 1790"
"Anarhynchus thoracicus","Charadrius thoracicus (Richmond, 1896)"
"Anarhynchus pecuarius","Charadrius pecuarius Temminck, 1823"
"Anarhynchus sanctaehelenae","Charadrius sanctaehelenae (Harting, 1873)"
"Anarhynchus ruficapillus","Charadrius ruficapillus Temminck, 1821"
"Anarhynchus nivosus","Charadrius nivosus (Cassin, 1858)"
"Anarhynchus nivosus nivosus","Charadrius nivosus subsp. nivosus (Cassin, 1858)"
"Anarhynchus nivosus occidentalis","Charadrius nivosus subsp. occidentalis (Cabanis, 1872)"
"Anarhynchus pallidus","Charadrius pallidus Strickland, 1853"
"Anarhynchus peronii","Charadrius peronii Schlegel, 1865"
"Anarhynchus marginatus","Charadrius marginatus Vieillot, 1818"
"Anarhynchus javanicus","Charadrius javanicus Chasen, 1938"
"Anarhynchus alexandrinus alexandrinus/nihonensis","['Charadrius alexandrinus alexandrinus','Charadrius alexandrinus subsp. nihonensis Deignan, 1941']"
"Anarhynchus alexandrinus seebohmi","Charadrius alexandrinus subsp. seebohmi E.Hartert & A.C.Jackson, 1915"
"Anarhynchus dealbatus","['Charadrius dealbatus (Swinhoe, 1870),'Charadrius alexandrinus subsp. dealbatus (Swinhoe, 1870)']"
"Limosa lapponica [lapponica Group]","[['Limosa lapponica lapponica','Limosa lapponica taymyrensis Engelmoer & Roselaar, 1998']]"
"Larus mongolicus","Larus cachinnans subsp. mongolicus Pallas, 1811"
"Hydrobates pelagicus pelagicus",""
"Sula brewsteri","['Sula leucogaster subsp. brewsteri Goss, 1888','Sula leucogaster subsp. etesiaca Thayer & Bangs, 1905']"
"Sula brewsteri brewsteri","Sula leucogaster subsp. brewsteri Goss, 1888"
"Sula brewsteri etesiaca","Sula leucogaster subsp. etesiaca Thayer & Bangs, 1905"
"Leucocarbo chalconotus stewarti",""
"Botaurus involucris","Ixobrychus involucris (Vieillot, 1823)"
"Botaurus exilis","Ixobrychus exilis (Gmelin, 1789)"
"Botaurus exilis exilis/pullus","['Ixobrychus exilis subsp. exilis (Gmelin, 1789)','Ixobrychus exilis subsp. pullus Van Rossem, 1930']"
"Botaurus exilis [erythromelas Group]","['Ixobrychus exilis subsp. erythromelas (Vieillot, 1817)','Ixobrychus exilis subsp. bogotensis Chapman, 1914','Ixobrychus exilis subsp. limoncochae D.W.Norton, 1965','Ixobrychus exilis subsp. peruvianus Bond, 1955']"
"Botaurus flavicollis","Ixobrychus flavicollis (Latham, 1790)"
"Botaurus cinnamomeus","Ixobrychus cinnamomeus (Gmelin, 1789)"
"Botaurus eurhythmus","Ixobrychus eurhythmus (Swinhoe, 1873)"
"Botaurus sturmii","Ixobrychus sturmii (Wagler, 1827)"
"Botaurus minutus","Ixobrychus minutus (Linnaeus, 1766)"
"Botaurus minutus minutus","Ixobrychus minutus subsp. minutus"
"Botaurus minutus payesii","Ixobrychus minutus subsp. payesii (Hartlaub, 1858)"
"Botaurus minutus podiceps","Ixobrychus minutus subsp. podiceps (Bonaparte, 1855)"
"Botaurus sinensis","Ixobrychus sinensis (Gmelin, 1789"
"Botaurus dubius","Ixobrychus dubius Mathews, 1912"
"Botaurus novaezelandiae","Ixobrychus novaezelandiae (Purdie, 1871)"
"Egretta garzetta immaculata","Egretta garzetta subsp. nigripes (Temminck, 1840)"
"Butorides striata [atricapilla Group]","['Butorides striata subsp. atricapilla (Afzelius, 1804)','Butorides striata subsp. brevipes (Hemprich & Ehrenberg, 1833)','Butorides striata subsp. crawfordi Nicoll, 1906','Butorides striata subsp. rhizophorae Salomonsen, 1934','Butorides striata subsp. rutenbergi (Hartlaub, 1880)','Butorides striata subsp. degens Hartert, 1920','Butorides striata subsp. albolimbata Reichenow, 1900','Butorides striata subsp. amurensis (Schrenck, 1860)','Butorides striata subsp. actophila Oberholser, 1912','Butorides striata subsp. javanica (Horsfield, 1821)','Butorides striata subsp. spodiogaster Sharpe, 1894','Butorides striata subsp. carcinophila Oberholser, 1924','Butorides striata subsp. steini Mayr, 1943','Butorides striata subsp. moluccarum Hartert, 1920','Butorides striata subsp. papuensis Mayr, 1940','Butorides striata subsp. littleri','Butorides striata subsp. idenburgi Rand, 1941','Butorides striata subsp. flyensis Salomonsen, 1966','Butorides striata subsp. rogersi','Butorides striata subsp. cinerea','Butorides striata subsp. stagnatilis (Gould, 1848)','Butorides striata subsp. macrorhyncha (Gould, 1848)','Butorides striatus subsp. macrorhynchus (Gould, 1848)','Butorides striata subsp. solomonensis Mayr, 1940','Butorides striata subsp. patruelis (Peale, 1848)']"
"Ardea coromanda","Bubulcus coromandus (Boddaert, 1783)"
"Gyps rueppelli","Gyps rueppellii (A.E.Brehm, 1852)"
"Circaetus spectabilis","Dryotriorchis spectabilis (Schlegel, 1863)"
"Ictinaetus malaiensis","Ictinaetus malayensis (Temminck, 1822)"
"Lophospiza trivirgata","Accipiter trivirgatus (Temminck, 1824)"
"Lophospiza griseiceps","Accipiter griseiceps (Kaup, 1848)"
"Aerospiza tachiro","Accipiter tachiro (Daudin, 1800)"
"Aerospiza tachiro macroscelides","Accipiter toussenelii subsp. macroscelides (Hartlaub, 1855)"
"Aerospiza tachiro toussenelii/canescens","['Accipiter toussenelii subsp. toussenelii','Accipiter toussenelii subsp. canescens (Chapin, 1921)']"
"Aerospiza tachiro lopezi","Accipiter toussenelii subsp. lopezi (Alexander, 1903)"
"Aerospiza tachiro unduliventer/croizati","['Accipiter tachiro subsp. unduliventer (Ruppell, 1836)','Accipiter tachiro subsp. croizati Desfayes, 1974']"
"Aerospiza tachiro sparsimfasciata","Accipiter tachiro subsp. sparsimfasciatus (Reichenow, 1895)"
"Aerospiza tachiro pembaensis","Accipiter tachiro subsp. pembaensis Benson & H.F.I.Elliott, 1975"
"Aerospiza tachiro tachiro","Accipiter tachiro subsp. tachiro (Daudin, 1800)"
"Aerospiza castanilius","Accipiter castanilius Bonaparte, 1853"
"Tachyspiza erythropus","Accipiter erythropus (Hartlaub, 1855)"
"Tachyspiza minulla","Accipiter minullus (Daudin, 1800)"
"Tachyspiza virgata","Accipiter virgatus (Temminck, 1822)"
"Tachyspiza nanus","Accipiter nanus (W.Blasius, 1897)"
"Tachyspiza erythrauchen","Accipiter erythrauchen G.R.Gray, 1861"
"Tachyspiza cirrocephala","Accipiter cirrocephalus (Vieillot, 1817)"
"Tachyspiza brachyura","Accipiter brachyurus (E.P.Ramsay, 1880)"
"Tachyspiza rhodogaster","Accipiter rhodogaster (Schlegel, 1862)"
"Tachyspiza gularis","Accipiter gularis (Temminck & Schlegel, 1844)"
"Tachyspiza badia","Accipiter badius (Gmelin, 1788)"
"Tachyspiza badia sphenura/polyzonoides","['Accipiter badius subsp. sphenurus (Ruppell, 1836)','Accipiter badius subsp. polyzonoides A.Smith, 1838']"
"Tachyspiza badia [badia Group]","['Accipiter badius subsp. cenchroides (Severtzov, 1873)','Accipiter badius subsp. dussumieri (Temminck, 1824)','Accipiter badius subsp. badius (Gmelin, 1788)','Accipiter badius subsp. poliopsis (Hume, 1874)']"
"Tachyspiza butleri","Accipiter butleri (Gurney & Jr., 1898)"
"Tachyspiza brevipes","Accipiter brevipes (Severtzov, 1850)"
"Tachyspiza soloensis","Accipiter soloensis (Horsfield, 1821)"
"Tachyspiza imitator","Accipiter imitator Hartert, 1926"
"Tachyspiza francesiae","Accipiter francesiae A.Smith, 1834"
"Tachyspiza trinotata","Accipiter trinotatus Bonaparte, 1850"
"Tachyspiza poliocephala","Accipiter poliocephalus G.R.Gray, 1858"
"Tachyspiza princeps","Accipiter princeps Mayr, 1934"
"Tachyspiza novaehollandiae","Accipiter novaehollandiae (Gmelin, 1788)"
"Tachyspiza hiogaster","Accipiter hiogaster (S.Muller, 1841)"
"Tachyspiza hiogaster sylvestris","Accipiter hiogaster subsp. sylvestris Wallace, 1864"
"Tachyspiza hiogaster [hiogaster Group]","['Accipiter hiogaster subsp. polionotus (Salvadori, 1889)','Accipiter hiogaster subsp. albiventris (Salvadori, 1876)','Accipiter hiogaster subsp. obiensis (Hartert, 1903)','Accipiter hiogaster subsp. griseogularis (G.R.Gray, 1861)','Accipiter hiogaster subsp. mortyi Hartert, 1925','Accipiter hiogaster subsp. hiogaster (S.Muller, 1841)','Accipiter hiogaster subsp. pallidiceps (Salvadori, 1879)','Accipiter hiogaster subsp. leucosomus (Sharpe, 1874)','Accipiter hiogaster subsp. misoriensis (Salvadori, 1876)','Accipiter hiogaster subsp. manusi Mayr, 1945','Accipiter hiogaster subsp. pallidimas Mayr, 1940','Accipiter hiogaster subsp. misulae Mayr, 1940','Accipiter hiogaster subsp. matthiae Mayr, 1945','Accipiter hiogaster subsp. dampieri (Gurney, 1882)','Accipiter hiogaster subsp. lavongai Mayr, 1945','Accipiter hiogaster subsp. lihirensis Stresemann, 1933','Accipiter hiogaster subsp. bougainvillei (Rothschild & Hartert, 1905)','Accipiter hiogaster subsp. rufoschistaceus (Rothschild & Hartert, 1902)','Accipiter hiogaster subsp. rubianae (Rothschild & Hartert, 1905)','Accipiter hiogaster subsp. malaitae Mayr, 1931','Accipiter hiogaster subsp. pulchellus (E.P.Ramsay, 1882)']"
"Tachyspiza melanochlamys","Accipiter melanochlamys (Salvadori, 1876)"
"Tachyspiza albogularis","Accipiter albogularis G.R.Gray, 1870"
"Tachyspiza rufitorques","Accipiter rufitorques (Peale, 1848)"
"Tachyspiza henicogramma","Accipiter henicogrammus (G.R.Gray, 1861)"
"Tachyspiza luteoschistacea","Accipiter luteoschistaceus Rothschild & Hartert, 1926"
"Tachyspiza haplochroa","Accipiter haplochrous P.L.Sclater, 1859"
"Tachyspiza fasciata","Accipiter fasciatus (Vigors & Horsfield, 1827)"
"Astur bicolor","Accipiter bicolor (Vieillot, 1817)"
"Astur bicolor bicolor/fidens","['Accipiter bicolor subsp. bicolor (Vieillot, 1817)','Accipiter bicolor subsp. fidens Bangs & Noble, 1918']"
"Astur bicolor pileatus/guttifer","['Accipiter bicolor subsp. pileatus (Temminck, 1823)','Accipiter bicolor subsp. guttifer Hellmayr, 1917']"
"Astur chilensis","Accipiter chilensis Philippi & Landbeck, 1864"
"Astur cooperii","Accipiter cooperii (Bonaparte, 1828)"
"Astur gundlachi","Accipiter gundlachi Lawrence, 1860"
"Astur gentilis","['Accipiter gentilis subsp. gentilis','Accipiter gentilis subsp. buteoides (Menzbier, 1882)','Accipiter gentilis subsp. albidus (Menzbier, 1882)','Accipiter gentilis subsp. schvedowi (Menzbier, 1882)','Accipiter gentilis subsp. fujiyamae (Swann & Hartert, 1923)','Accipiter gentilis subsp. arrigonii (O.Kleinschmidt, 1903)','Accipiter gentilis subsp. arrigonii (O.Kleinschmidt, 1903)']"
"Astur meyerianus","Accipiter meyerianus (Sharpe, 1878)"
"Astur melanoleucus","Accipiter melanoleucus A.Smith, 1830"
"Astur henstii","Accipiter henstii (Schlegel, 1873)"
"Otus rutilus madagascariensis","Otus madagascariensis (A.Grandidier, 1867)"
"Megascops roraimae [napensis Group]","['Megascops roraimae napensis (Chapman, 1928)', 'Megascops roraimae pallidus (Hekstra, 1982)', 'Megascops guatemalae subsp. helleri', 'Megascops guatemalae subsp. bolivianus']"
"Bubo capensis","Bubo capensis A.Smith, 1834"
"Ketupa zeylonensis [zeylonensis Group]","['Ketupa zeylonensis subsp. leschenaultii (Temminck, 1820)', 'Ketupa zeylonensis zeylonensis', 'Ketupa zeylonensis orientalis Delacour, 1926']"
"Ninox boobook lurida","['Ninox lurida De Vis, 1887','Ninox novaeseelandiae subsp. lurida']"
"Trogon chrysochloros muriciensis","Trogon muriciensis Dickens, Bitton, Bravo & Silveira"
"Trogon chrysochloros chrysochloros","Trogon rufus subsp. chrysochloros Pelzeln, 1856"
"Trachylaemus goffinii goffinii","Trachylaemus purpuratus subsp. goffinii (Goffin, 1863)"
"Trachylaemus goffinii togoensis","Trachylaemus purpuratus subsp. togoensis Reichenow, 1891"
"Cryptolybia olivacea olivacea","Stactolaema olivacea subsp. olivacea (Shelley, 1880)"
"Cryptolybia olivacea howelli","Stactolaema olivacea subsp. howelli (Jensen & Stuart, 1982)"
"Cryptolybia olivacea woodwardi","Stactolaema olivacea subsp. woodwardi Shelley, 1895"
"Cryptolybia olivacea rungweensis","Stactolaema olivacea subsp. rungweensis (Benson, 1948)"
"Cryptolybia olivacea belcheri","Stactolaema olivacea subsp. belcheri (W.L.Sclater, 1927)"
"Pogoniulus uropygialis","Pogoniulus pusillus subsp. uropygialis (Heuglin, 1862)"
"Pogonornis minor minor","Lybius minor subsp. minor (Cuvier, 1816)"
"Pogonornis minor macclounii","Lybius minor subsp. macclounii (Shelley, 1899)"
"Dryobates villosus [villosus Group]","['Leuconotopicus villosus subsp. septentrionalis (Nuttall, 1840)','Leuconotopicus villosus subsp. villosus','Leuconotopicus villosus subsp. audubonii (Swainson, 1832)','Leuconotopicus villosus subsp. terraenovae (Batchelder, 1908)','Leuconotopicus villosus subsp. piger (G.M.Allen, 1905)','Leuconotopicus villosus subsp. maynardi (Ridgway, 1887)']"
"Dryobates villosus [harrisi Group]","['Picoides villosus subsp. sitkensis (Swarth, 1911)','Leuconotopicus villosus subsp. picoideus (Osgood, 1901)','Leuconotopicus villosus subsp. harrisi (Audubon, 1838)','Leuconotopicus villosus subsp. hyloscopus (Cabanis & Heine, 1863)']"
"Dryobates villosus orius/icastus","['Picoides villosus subsp. orius (Oberholser, 1911)','Picoides villosus subsp. icastus (Oberholser, 1911)']"
"Dryobates villosus jardinii/sanctorum","['Picoides villosus subsp. jardinii (Malherbe, 1845)','Picoides villosus subsp. sanctorum (Nelson, 1897)']"
"Dryobates villosus extimus","Leuconotopicus villosus subsp. extimus (Bangs, 1902)"
"Dryobates lignarius puncticeps",""
"Dryobates lignarius lignarius",""
"Campethera maculosa maculosa",""
"Campethera maculosa [cailliautii Group]","['','']"
"Daptrius chimachima",""
"Daptrius chimango",""
"Daptrius carunculatus",""
"Daptrius megalopterus",""
"Daptrius albogularis",""
"Daptrius australis",""
"Strigops habroptilus",""
"Cyanoramphus cookii cookii",""
"Cyanoramphus cookii subflavescens",""
"Northiella haematogaster haematorrhoa",""
"Nannopsittacus melanogenia",""
"Nannopsittacus gulielmitertii",""
"Nannopsittacus nigrifrons",""
"Nannopsittacus nigrifrons nigrifrons",""
"Nannopsittacus nigrifrons amabilis/ramuensis","['','']"
"Cyclopsitta desmarestii",""
"Cyclopsitta desmarestii [desmarestii Group]","['','']"
"Cyclopsitta desmarestii godmani",""
"Cyclopsitta desmarestii cervicalis",""
"Cyclopsitta edwardsii",""
"Cyclopsitta salvadorii",""
"Vini margarethae",""
"Psitteuteles pusillus",""
"Psitteuteles porphyrocephalus",""
"Chalcopsitta fuscata",""
"Trichoglossus concinnus",""
"Trichoglossus reticulatus",""
"Trichoglossus semilarvatus",""
"Trichoglossus borneus",""
"Trichoglossus cyanogenius",""
"Trichoglossus histrio",""
"Trichoglossus squamatus",""
"Poicephalus fuscicollis fuscicollis",""
"Poicephalus fuscicollis suahelicus",""
"Amazona mercenarius",""
"Orthopsittaca manilatus",""
"Erythropitta celebensis celebensis",""
"Erythropitta celebensis caeruleitorques",""
"Erythropitta celebensis palliceps",""
"Pitta abbotti",""
"Pitta forsteni",""
"Pitta novaeguineae novaeguineae/goodfellowi","['','']"
"Pitta novaeguineae mefoorana",""
"Sakesphoroides cristatus niedeguidonae",""
"Sakesphoroides cristatus cristatus",""
"Dendrocincla turdina taunayi",""
"Dendrocincla turdina turdina",""
"Hylexetastes uniformis uniformis",""
"Hylexetastes uniformis brigidai",""
"Xenops mexicanus",""
"Neophilydor fuscipenne",""
"Neophilydor fuscipenne fuscipenne",""
"Neophilydor fuscipenne erythronotum",""
"Neophilydor erythrocercum",""
"Chiroxiphia bokermanni",""
"Chiroxiphia galeata",""
"Schiffornis turdina amazonum",""
"Pogonotriccus difficilis",""
"Pogonotriccus paulista",""
"Nesotriccus murinus incomtus/eremonomus","['','']"
"Acrochordopus zeledoni",""
"Acrochordopus zeledoni zeledoni",""
"Acrochordopus zeledoni [leucogonys Group]","['','']"
"Acrochordopus burmeisteri",""
"Tyranniscus nigrocapillus",""
"Tyranniscus cinereiceps",""
"Tyranniscus uropygialis",""
"Zimmerius viridiflavus flavidifrons",""
"Zimmerius viridiflavus viridiflavus",""
"Pyrocephalus nanus nanus",""
"Pyrocephalus nanus dubius",""
"Silvicultrix frontalis spodionota/boliviana","['','']"
"Conopias parvus",""
"Meliphaga chrysogenys",""
"Meliphaga imitatrix",""
"Hylacola cauta",""
"Hylacola pyrrhopygia",""
"Coracina javensis javensis",""
"Coracina javensis [nipalensis Group]","['','']"
"Coracina javensis rexpineti",""
"Coracina larutensis",""
"Coracina mindorensis",""
"Coracina kochii",""
"Coracina guillemardi",""
"Edolisoma timoriense",""
"Edolisoma timoriense emancipatum/kalaotuae","['','']"
"Edolisoma timoriense timoriense",""
"Edolisoma mindanense mindanense/ripleyi","['','']"
"Edolisoma tricolor",""
"Edolisoma salvadorii",""
"Edolisoma salvadorii salvadorii",""
"Edolisoma salvadorii talautense",""
"Edolisoma erythropygium",""
"Edolisoma erythropygium ultimum",""
"Edolisoma erythropygium erythropygium/saturatius","['','']"
"Edolisoma erythropygium nisorium",""
"Edolisoma pelingi",""
"Edolisoma grayi pererratum",""
"Edolisoma grayi grayi",""
"Edolisoma remotum matthiae",""
"Edolisoma remotum rooki",""
"Edolisoma remotum heinrothi",""
"Edolisoma amboinense",""
"Hylophilus flavipes [flavipes Group]","['','']"
"Vireo pallens approximans",""
"Pachycephala orpheus orpheus",""
"Pachycephala orpheus par/compar","['','']"
"Pachycephala ornata",""
"Pachycephala calliope",""
"Pachycephala calliope [fulvotincta Group]","['','']"
"Pachycephala calliope calliope",""
"Pachycephala sharpei",""
"Pachycephala pectoralis fuliginosa/occidentalis","['','']"
"Pachycephala melanura dammeriana",""
"Artamus leucorynchus",""
"Telophorus viridis viridis",""
"Rhipidura semicollaris",""
"Rhipidura semicollaris [semicollaris Group]",""
"Rhipidura semicollaris elegantula",""
"Rhipidura semicollaris reichenowi",""
"Rhipidura semicollaris hamadryas",""
"Rhipidura semicollaris squamata/henrici",""
"Rhipidura torrida",""
"Rhipidura louisiadensis",""
"Rhipidura melanolaema melanolaema/utupuae",""
"Rhipidura melanolaema agilis",""
"Rhipidura versicolor",""
"Rhipidura versicolor uraniae",""
"Rhipidura versicolor saipanensis/mariae",""
"Rhipidura versicolor versicolor",""
"Rhipidura rufofronta",""
"Rhipidura rufofronta [rufofronta Group]",""
"Rhipidura rufofronta russata/kuperi",""
"Rhipidura rufofronta ugiensis",""
"Rhipidura layardi layardi",""
"Rhipidura layardi erythronota",""
"Rhipidura layardi rufilateralis",""
"Dicrurus palawanensis palawanensis",""
"Lophorina latipennis",""
"Monarcha castaneiventris erythrostictus",""
"Symposiachrus nigrotectus",""
"Myiagra eichhorni eichhorni",""
"Myiagra eichhorni cervinicolor",""
"Corcorax melanorhamphos",""
"Cyanocitta stelleri [coronata Group]",""
"Corvus sierramadrensis",""
"Corvus celebensis",""
"Corvus philippinus",""
"Melanocharis piperata",""
"Leucophantes brachyurus",""
"Melanodryas bimaculata",""
"Melanodryas pulverulenta",""
"Melanodryas sigillata",""
"Melanodryas cyanus",""
"Melanodryas cryptoleuca",""
"Eopsaltria placens",""
"Eopsaltria capito",""
"Eopsaltria leucops",""
"Chelidorhynx hypoxanthus",""
"Parus cinereus [minor Group]",""
"Parus cinereus amamiensis",""
"Parus cinereus okinawae",""
"Parus cinereus nigriloris",""
"Certhilauda subcoronata benguelensis/kaokoensis",""
"Certhilauda curvirostris brevirostris",""
"Calendulauda africanoides alopex/intercedens",""
"Calendulauda erythrochlamys barlowi",""
"Calendulauda erythrochlamys patae",""
"Calendulauda erythrochlamys cavei",""
"Calendulauda erythrochlamys erythrochlamys",""
"Plocealauda microptera",""
"Plocealauda erythrocephala",""
"Plocealauda affinis",""
"Plocealauda erythroptera",""
"Plocealauda assamica",""
"Amirafra collaris",""
"Amirafra rufocinnamomea",""
"Amirafra angolensis",""
"Corypha kurrae","['Mirafra africana subsp. kurrae Lynes, 1923', 'Mirafra africana subsp. stresemanni Bannerman, 1923','Mirafra africana subsp. bamendae Serle, 1959', 'Mirafra africana subsp. henrici Bates, 1930','Mirafra africana subsp. batesi Bannerman, 1923']"
"Corypha kurrae kurrae","Mirafra africana subsp. kurrae Lynes, 1923"
"Corypha kurrae stresemanni/bamendae","['Mirafra africana subsp. stresemanni Bannerman, 1923','Mirafra africana subsp. bamendae Serle, 1959']"
"Corypha kurrae henrici/batesi","['Mirafra africana subsp. henrici Bates, 1930','Mirafra africana subsp. batesi Bannerman, 1923']"
"Corypha apiata","['Mirafra apiata subsp. apiata','Mirafra apiata subsp. marjoriae Winterbottom, 1956']"
"Corypha apiata apiata","Mirafra apiata subsp. apiata"
"Corypha apiata marjoriae","Mirafra apiata subsp. marjoriae Winterbottom, 1956"
"Corypha fasciolata","Mirafra fasciolata (Sundevall, 1850)"
"Corypha kabalii","['Mirafra africana subsp. kabalii C.M.N.White, 1943','Mirafra africana subsp. malbranti Chapin, 1946']"
"Corypha kabalii kabalii","Mirafra africana subsp. kabalii C.M.N.White, 1943"
"Corypha kabalii malbranti","Mirafra africana subsp. malbranti Chapin, 1946"
"Corypha nigrescens","Mirafra africana subsp. nigrescens Reichenow, 1900"
"Corypha africana [africana Group]","['Mirafra africana subsp. ruwenzoria Kinnear, 1921','Mirafra africana subsp. occidentalis (Hartlaub, 1857)','Mirafra africana subsp. gomesi C.M.N.White, 1944','Mirafra africana subsp. pallida Sharpe, 1902','Mirafra africana subsp. ghansiensis (Roberts, 1932)','Mirafra africana subsp. chapini Grant & Mackworth-Praed, 1939','Mirafra africana subsp. transvaalensis Hartert, 1900','Mirafra africana subsp. isolata Clancey, 1956','Mirafra africana subsp. grisescens Sharpe, 1902','Mirafra africana subsp. africana']"
"Corypha africana tropicalis","Mirafra africana subsp. tropicalis Hartert, 1900"
"Corypha athi","Mirafra africana subsp. athi Hartert, 1900"
"Corypha somalica",""
"Corypha somalica ashi","Mirafra ashi Colston, 1982"
"Corypha somalica somalica/rochei","['Mirafra somalica subsp. somalica', 'Mirafra somalica subsp. rochei Colston, 1982']"
"Corypha hypermetra","Mirafra hypermetra (Reichenow, 1879)"
"Corypha hypermetra hypermetra","Mirafra hypermetra subsp. hypermetra"
"Corypha hypermetra gallarum","Mirafra hypermetra subsp. gallarum Hartert, 1907"
"Corypha sharpii","Mirafra africana subsp. sharpii Elliot, 1897"
"Corypha kidepoensis","Mirafra hypermetra subsp. kidepoensis Macdonald, 1940"
"Galerida cristata macrorhyncha/randonii","['Galerida macrorhyncha subsp. macrorhyncha Tristram, 1859','Galerida macrorhyncha subsp. randoni Loche, 1860']"
"Eremomela icteropygialis salvadorii","Eremomela salvadorii Reichenow, 1891"
"Apalis stronachi","Apalis karamojae subsp. stronachi Stuart & Collar, 1985"
"Nesillas typica longicaudata","Nesillas longicaudata (E.Newton, 1877)"
"Acrocephalus scirpaceus [baeticatus Group]","['Acrocephalus scirpaceus ambiguus (A.E.Brehm, 1857)', 'Acrocephalus baeticatus subsp. guiersi Colston & Morel, 1984', 'Acrocephalus scirpaceus cinnamomeus Reichenow, 1908', 'Acrocephalus scirpaceus hallae White & Cmn, 1960', 'Acrocephalus scirpaceus suahelicus Grote, 1926', 'Acrocephalus scirpaceus baeticatus (Vieillot, 1817)']"
"Locustella montis montis",""
"Poodytes punctatus [punctatus Group]","['Poodytes punctatus subsp. vealeae (R.Kemp, 1912)','Megalurus punctatus subsp. punctatus (Quoy & Gaimard, 1830)','Poodytes punctatus subsp. stewartianus (Oliver, 1930)','Megalurus punctatus subsp. wilsoni (Stead, 1936)']"
"Cincloramphus macrurus interscapularis/mayri","['Megalurus macrurus subsp. interscapularis P.L.Sclater, 1880','Megalurus macrurus subsp. mayri Hartert, 1930']"
"Cincloramphus macrurus [macrurus Group]","['Megalurus macrurus subsp. stresemanni Hartert, 1930','Megalurus macrurus subsp. harterti Mayr, 1931','Megalurus macrurus subsp. wahgiensis Mayr & Gilliard, 1951']"
"Bradypterus seebohmi","Amphilais seebohmi (Sharpe, 1879)"
"Bernieria madagascariensis","Bernieria madagascariensis (Gmelin, 1789)"
"Cecropis rufula","Cecropis daurica subsp. rufula (Temminck, 1835)"
"Cecropis melanocrissus","['Cecropis daurica subsp. domicella', 'Cecropis daurica subsp. kumboensis (Bannerman, 1923)','Cecropis daurica subsp. melanocrissus Rüppell, 1845','Cecropis daurica subsp. emini (Reichenow, 1892)']"
"Cecropis melanocrissus domicella","Cecropis daurica subsp. domicella"
"Cecropis melanocrissus [melanocrissus Group]","['Cecropis daurica subsp. kumboensis (Bannerman, 1923)','Cecropis daurica subsp. melanocrissus Rüppell, 1845','Cecropis daurica subsp. emini (Reichenow, 1892)']"
"Cecropis daurica [striolata Group]","['Cecropis striolata subsp. mayri (B.P.Hall, 1953)','Cecropis striolata subsp. stanfordi (Mayr, 1941)','Cecropis striolata subsp. vernayi (Kinnear, 1924)','Cecropis striolata subsp. striolata']"
"Atimastillas flavigula soror","Atimastillas flavicollis subsp. soror (Neumann, 1914)"
"Atimastillas flavigula flavigula","Atimastillas flavicollis subsp. flavigula (Cabanis, 1880)"
"Arizelocichla masukuensis kakamegae/kungwensis","['Arizelocichla masukuensis subsp. kakamegae','Arizelocichla kakamegae subsp. kungwensis Moreau, 1941']"
"Arizelocichla striifacies striifacies","Arizelocichla milanjensis subsp. striifacies"
"Arizelocichla striifacies olivaceiceps","Arizelocichla milanjensis subsp. olivaceiceps"
"Ixos leucogrammicus","Hemixos leucogrammicus (S.Müller, 1836)"
"Microtarsus eutilotus","Brachypodius eutilotus"
"Microtarsus urostictus","Brachypodius urostictus"
"Microtarsus priocephalus","Brachypodius priocephalus (Jerdon, 1839)"
"Microtarsus melanocephalos","Brachypodius melanocephalos (J.F.Gmelin, 1788"
"Microtarsus fuscoflavescens","Pycnonotus fuscoflavescens (Hume, 1873)"
"Microtarsus nieuwenhuisii","Pycnonotus nieuwenhuisii subsp. nieuwenhuisii (Finsch, 1901)"
"Rubigula squamata","Rubigula squamatus"
"Rubigula dispar dispar",""
"Rubigula dispar matamerah",""
"Phylloscopus sibilatrix","Phylloscopus sibillatrix (Bechstein, 1792)"
"Phylloscopus presbytes floresianus","Phylloscopus floresianus (Dickinson & Christidis, 2014)"
"Phylloscopus poliocephalus [poliocephalus Group]","['Phylloscopus poliocephalus poliocephalus', 'Phylloscopus poliocephalus albigularis Hartert, Ejo & Paludan, 1936', 'Phylloscopus maforensis subsp. paniaiae Junge, 1952', 'Phylloscopus poliocephalus cyclopum Hartert & Ejo, 1930', 'Phylloscopus poliocephalus giulianettii (Salvadori, 1896)', 'Phylloscopus poliocephalus hamlini Mayr & Rand, 1935']"
"Phyllergates cucullatus","Phyllergates cuculatus (Temminck, 1836)"
"Sylvia nigricapillus","Sylvia nigricapilla (Vieillot, 1818)"
"Paradoxornis heudei heudei",""
"Staphida castaniceps castaniceps","Yuhina castaniceps subsp. castaniceps (Moore, 1854)"
"Zosterops kaffensis kaffensis","Zosterops poliogastrus subsp. kaffensis Neumann, 1902"
"Zosterops kaffensis kulalensis","Zosterops poliogastrus subsp. kulalensis J.G.Williams, 1948"
"Zosterops kasaicus","Zosterops senegalensis subsp. kasaicus Chapin, 1932"
"Cyanoderma rufifrons [ambiguum Group]","['Cyanoderma ambiguum subsp. ambiguum','Cyanoderma ambiguum subsp. planicola (Mayr, 1941)','Cyanoderma ambiguum subsp. adjunctum (Deignan, 1939)','Cyanoderma ambiguum subsp. insuspectum (Deignan, 1939)']"
"Erythrogenys imberbis","Erythrogenys erythrogenys subsp. imberbis (Salvadori, 1889)"
"Turdoides rufocinctus","Turdoides rufocincta (Rothschild, 1908)"
"Salpornis spilonota","Salpornis spilonotus (Franklin, 1831)"
"Troglodytes martinicensis rufescens","Troglodytes aedon subsp. rufescens (Lawrence, 1877)"
"Troglodytes martinicensis martinicensis","Troglodytes aedon subsp. martinicensis (P.L.Sclater, 1866)"
"Troglodytes mesoleucus","Troglodytes aedon subsp. mesoleucus (P.L.Sclater, 1876)"
"Troglodytes musicus","Troglodytes aedon subsp. musicus (Lawrence, 1878)"
"Troglodytes grenadensis","Troglodytes aedon subsp. grenadensis (Lawrence, 1878)"
"Troglodytes musculus [intermedius Group]","['Troglodytes aedon subsp. intermedius Cabanis, 1861','Troglodytes aedon subsp. inquietus S.F.Baird, 1864', 'Troglodytes aedon subsp. carychrous Wetmore, 1957']"
"Troglodytes musculus [audax Group]","['Troglodytes aedon subsp. atopus Oberholser, 1904', 'Troglodytes aedon subsp. striatulus (Lafresnaye, 1845)', 'Troglodytes aedon subsp. albicans Berlepsch & Taczanowski, 1884','Troglodytes aedon subsp. audax Tschudi, 1844','Troglodytes aedon subsp. puna Berlepsch & Stolzmann, 1896']"
"Troglodytes musculus carabayae","oglodytes aedon subsp. carabayae Chapman & Griscom, 1924"
"Troglodytes musculus [musculus Group]","['Troglodytes aedon subsp. columbae Stone, 1899', 'Troglodytes aedon subsp. clarus Berlepsch & Hartert, 1902','Troglodytes aedon subsp. effutitus Wetmore, 1958','Troglodytes aedon subsp. tobagensis Lawrence, 1888','Troglodytes aedon subsp. rex Berlepsch & Leverkuhn, 1890','Troglodytes aedon subsp. tecellatus Orbigny & Lafresnaye, 1837','Troglodytes aedon subsp. atacamensis Hellmayr, 1924','Troglodytes aedon subsp. musculus J.F.Naumann, 1823','Troglodytes aedon subsp. bonariae Hellmayr, 1919','Troglodytes aedon subsp. chilensis Lesson, 1830']"
"Buphagus erythroryncha","Buphagus erythrorhynchus (Stanley, 1814)"
"Gracula religiosa robusta","Gracula robusta Salvadori, 1887"
"Gracula religiosa enganensis","Gracula enganensis Salvadori, 1892"
"Saroglossa spilopterus","Saroglossa spiloptera (Vigors, 1831)"
"Notopholia corusca","Notopholia corrusca (Nordmann, 1835)"
"Ramphocinclus sanctaeluciae","Ramphocinclus brachyurus subsp. sanctaeluciae Cory, 1887"
"Catharus fuscater [fuscater Group]","['Catharus fuscater mirabilis Nelson, 1912', 'Catharus fuscater fuscater', 'Catharus fuscater sanctaemartae Ridgway, 1904', 'Catharus fuscater opertaneus Wetmore, 1955', 'Catharus fuscater caniceps Chapman, 1924', 'Catharus fuscater mentalis P.L.Sclater & Salvin, 1876']"
"Turdus plumbeus [rubripes Group]","['Turdus plumbeus rubripes Temminck, 1826', 'Turdus plumbeus schistaceus (S.F.Baird, 1864)', 'Turdus plumbeus coryi (Sharpe, 1902)']"
"Turdus mindorensis","Turdus poliocephalus subsp. mindorensis Ogilvie-Grant, 1896"
"Turdus thomassoni","Turdus poliocephalus subsp. thomassoni (Seebohm, 1894)"
"Turdus nigrorum","['Turdus poliocephalus subsp. nigrorum Ogilvie-Grant, 1896','Turdus poliocephalus subsp. malindangensis (Mearns, 1907)','Turdus poliocephalus subsp. katanglad Salomonsen, 1953','Turdus poliocephalus subsp. kelleri (Mearns, 1905)']"
"Turdus nigrorum nigrorum","Turdus poliocephalus subsp. nigrorum Ogilvie-Grant, 1896"
"Turdus nigrorum malindangensis","Turdus poliocephalus subsp. malindangensis (Mearns, 1907)"
"Turdus nigrorum katanglad","Turdus poliocephalus subsp. katanglad Salomonsen, 1953"
"Turdus nigrorum kelleri","Turdus poliocephalus subsp. kelleri (Mearns, 1905)"
"Turdus erythropleurus","Turdus poliocephalus subsp. erythropleurus Sharpe, 1887"
"Turdus schlegelii","['Turdus poliocephalus subsp. hygroscopus Stresemann, 1931','Turdus poliocephalus subsp. celebensis (Büttikofer, 1893)','Turdus poliocephalus subsp. schlegelii P.L.Sclater, 1861','Turdus poliocephalus subsp. sterlingi Mayr, 1944']"
"Turdus schlegelii hygroscopus","Turdus poliocephalus subsp. hygroscopus Stresemann, 1931"
"Turdus schlegelii celebensis","Turdus poliocephalus subsp. celebensis (Büttikofer, 1893)"
"Turdus schlegelii schlegelii","Turdus poliocephalus subsp. schlegelii P.L.Sclater, 1861"
"Turdus schlegelii sterlingi","Turdus poliocephalus subsp. sterlingi Mayr, 1944"
"Turdus javanicus","['Turdus poliocephalus subsp. loeseri Meyer de Schauensee, 1939','Turdus poliocephalus subsp. indrapurae Robinson & Kloss, 1916','Turdus poliocephalus subsp. fumidus S.Muller, 1844', 'Turdus poliocephalus subsp. biesenbachi','Turdus poliocephalus subsp. javanicus Horsfield, 1821','Turdus poliocephalus subsp. whiteheadi (Seebohm, 1893)', 'Turdus poliocephalus subsp. stresemanni Bartels, 1938','Turdus poliocephalus subsp. seebohmi (Sharpe, 1888)','Turdus poliocephalus subsp. sukahujan Rheindt, Prawiradilaga, Ashari & Suparno, 2020','Turdus poliocephalus subsp. deningeri Stresemann, 1912']"
"Turdus javanicus loeseri","Turdus poliocephalus subsp. loeseri Meyer de Schauensee, 1939"
"Turdus javanicus indrapurae","Turdus poliocephalus subsp. indrapurae Robinson & Kloss, 1916"
"Turdus javanicus fumidus/biesenbachi","['Turdus poliocephalus subsp. fumidus S.Muller, 1844', 'Turdus poliocephalus subsp. biesenbachi']"
"Turdus javanicus javanicus","Turdus poliocephalus subsp. javanicus Horsfield, 1821"
"Turdus javanicus whiteheadi/stresemanni","['Turdus poliocephalus subsp. whiteheadi (Seebohm, 1893)', 'Turdus poliocephalus subsp. stresemanni Bartels, 1938']"
"Turdus javanicus seebohmi","Turdus poliocephalus subsp. seebohmi (Sharpe, 1888)"
"Turdus deningeri sukahujan","Turdus poliocephalus subsp. sukahujan Rheindt, Prawiradilaga, Ashari & Suparno, 2020"
"Turdus deningeri deningeri","Turdus poliocephalus subsp. deningeri Stresemann, 1912"
"Turdus papuensis","['Turdus poliocephalus subsp. versteegi Junge, 1939','Turdus poliocephalus subsp. erebus Mayr & Gilliard, 1952','Turdus poliocephalus subsp. papuensis (De Vis, 1890)','Turdus poliocephalus subsp. keysseri Mayr, 1931','Turdus poliocephalus subsp. canescens (De Vis, 1894)']"
"Turdus papuensis versteegi","Turdus poliocephalus subsp. versteegi Junge, 1939"
"Turdus papuensis erebus","Turdus poliocephalus subsp. erebus Mayr & Gilliard, 1952"
"Turdus papuensis papuensis","Turdus poliocephalus subsp. papuensis (De Vis, 1890)"
"Turdus papuensis keysseri","Turdus poliocephalus subsp. keysseri Mayr, 1931"
"Turdus papuensis canescens","Turdus poliocephalus subsp. canescens (De Vis, 1894)"
"Turdus heinrothi","Turdus poliocephalus subsp. heinrothi Rothschild & Hartert, 1924"
"Turdus bougainvillei","Turdus poliocephalus subsp. bougainvillei Mayr, 1941"
"Turdus kulambangrae","['Turdus poliocephalus subsp. kulambangrae Mayr, 1941', 'Turdus poliocephalus subsp. sladeni A.J.Cain & I.C.J.Galbraith, 1955']"
"Turdus kulambangrae kulambangrae","Turdus poliocephalus subsp. kulambangrae Mayr, 1941"
"Turdus kulambangrae sladeni","Turdus poliocephalus subsp. sladeni A.J.Cain & I.C.J.Galbraith, 1955"
"Turdus vanikorensis","['Turdus poliocephalus subsp. rennellianus Mayr, 1931','Turdus poliocephalus subsp. mareensis E.L.Layard & Tristram, 1879', 'Turdus poliocephalus subsp. vanikorensis Quoy & Gaimard, 1830', 'Turdus poliocephalus subsp. whitneyi Mayr, 1941', 'Turdus poliocephalus subsp. malekulae Mayr, 1941', 'Turdus poliocephalus subsp. becki Mayr, 1941', 'Turdus poliocephalus subsp. placens Mayr, 1941', 'Turdus poliocephalus subsp. efatensis Mayr, 1941']"
"Turdus vanikorensis rennellianus","Turdus poliocephalus subsp. rennellianus Mayr, 1931"
"Turdus vanikorensis mareensis","Turdus poliocephalus subsp. mareensis E.L.Layard & Tristram, 1879"
"Turdus vanikorensis [vanikorensis Group]","['Turdus poliocephalus subsp. vanikorensis Quoy & Gaimard, 1830', 'Turdus poliocephalus subsp. whitneyi Mayr, 1941', 'Turdus poliocephalus subsp. malekulae Mayr, 1941', 'Turdus poliocephalus subsp. becki Mayr, 1941']"
"Turdus vanikorensis placens","Turdus poliocephalus subsp. placens Mayr, 1941"
"Turdus vanikorensis efatensis","Turdus poliocephalus subsp. efatensis Mayr, 1941"
"Turdus pritzbueri","Turdus poliocephalus subsp. pritzbueri E.L.Layard, 1878"
"Turdus xanthopus","Turdus poliocephalus subsp. xanthopus J.R.Forster, 1844"
"Turdus samoensis","Turdus poliocephalus subsp. samoensis Tristram, 1879"
"Turdus ruficeps","['Turdus poliocephalus subsp. layardi (Seebohm, 1891)','Turdus poliocephalus subsp. ruficeps E.P.Ramsay, 1875','Turdus poliocephalus subsp. vitiensis (E.L.Layard, 1876)','Turdus poliocephalus subsp. hades Mayr, 1941', 'Turdus poliocephalus subsp. tempesti E.L.Layard, 1876']"
"Turdus ruficeps layardi","Turdus poliocephalus subsp. layardi (Seebohm, 1891)"
"Turdus ruficeps ruficeps","Turdus poliocephalus subsp. ruficeps E.P.Ramsay, 1875"
"Turdus ruficeps vitiensis","Turdus poliocephalus subsp. vitiensis (E.L.Layard, 1876)"
"Turdus ruficeps hades","Turdus poliocephalus subsp. hades Mayr, 1941"
"Turdus ruficeps tempesti","Turdus poliocephalus subsp. tempesti E.L.Layard, 1876"
"Myopornis boehmi","Muscicapa boehmi (Reichenow, 1884)"
"Artomyias ussheri","Muscicapa ussheri (Sharpe, 1871)"
"Artomyias fuliginosa","Muscicapa infuscata (Cassin, 1855)"
"Tychaedon leucosticta [leucosticta Group]","['Cercotrichas leucosticta subsp. leucosticta', 'Cercotrichas leucosticta subsp. colstoni Tye, 1991', 'Erythropygia leucosticta subsp. collsi Alexander, 1907']"
"Tychaedon leucosticta reichenowi","Cercotrichas leucosticta subsp. reichenowi (Hartert & Ejo, 1907)"
"Tychaedon quadrivirgata quadrivirgata","Cercotrichas quadrivirgata subsp. greenwayi (Moreau, 1938)"
"Tychaedon quadrivirgata greenwayi","Cercotrichas quadrivirgata subsp. greenwayi (Moreau, 1938)"
"Copsychus leggei","Copsychus malabaricus subsp. leggei (Whistler, 1941)"
"Copsychus barbouri","Copsychus malabaricus subsp. barbouri"
"Copsychus nigricauda","Copsychus malabaricus subsp. nigricauda (Vorderman, 1893)"
"Copsychus omissus","Copsychus malabaricus subsp. omissus"
"Cossyphicula isabellae isabellae","Cossypha isabellae subsp. isabellae G.R.Gray, 1862"
"Stiphrornis mabirae",""
"Sheppardia poensis granti","Sheppardia bocagei subsp. granti (Serle, 1949)"
"Sheppardia poensis poensis","Sheppardia bocagei subsp. poensis (Alexander, 1903)"
"Sheppardia poensis [kungwensis Group]","['Sheppardia bocagei subsp. kaboboensis (Prigogine, 1955)','Sheppardia bocagei subsp. schoutedeni (Prigogine, 1952)','Sheppardia bocagei subsp. kungwensis (Moreau, 1941)']"
"Tarsiger albocoeruleus",""
"Tarsiger formosanus","Tarsiger indicus subsp. formosanus Hartert, 1910"
"Monticola cinclorhyncha","Monticola cinclorhynchus (Vigors, 1832)"
"Myrmecocichla arnotti collaris",""
"Oenanthe heuglinii","Oenanthe heuglini (Finsch & Hartlaub, 1870)"
"Oenanthe albifrons","Oenanthe albifrons (Rüppell, 1837)"
"Oenanthe dubia","Oenanthe dubia (Blundell & Lovat, 1899)"
"Pachyglossa olivacea","Prionochilus olivaceus Tweeddale, 1877"
"Pachyglossa agilis","Dicaeum agile (Tickell, 1833)"
"Pachyglossa agilis agilis/zeylonica","['Dicaeum agile subsp. agile (Tickell, 1833)', 'Dicaeum agile subsp. zeylonicum (Whistler, 1944)']"
Dicaeum agile subsp. obsoletum (S.Muller, 1843)"Pachyglossa agilis [obsoleta Group]","['Dicaeum agile subsp. modestum (Hume, 1875)', 'Dicaeum agile subsp. pallescens (Riley, 1935)', ''Dicaeum agile subsp. atjehense Delacour, 1946', 'Dicaeum agile subsp. finschi (M.E.G.Bartels, 1914)', 'Dicaeum agile subsp. tinctum (Mayr, 1944)']"
"Pachyglossa agilis [aeruginosa Group]","['Dicaeum agile subsp. striatissimum', 'Dicaeum agile subsp. aeruginosum', 'Dicaeum agile subsp. affine']"
"Pachyglossa everetti","Dicaeum everetti (Sharpe, 1877)"
"Pachyglossa propria","Dicaeum proprium Ripley & Rabor, 1966"
"Pachyglossa chrysorrhea","Dicaeum chrysorrheum Temminck, 1829"
"Pachyglossa melanozantha","Dicaeum melanozanthum (Blyth, 1843)"
"Pachyglossa vincens","Dicaeum vincens (P.L.Sclater, 1872)"
"Dicaeum rhodopygiale","Dicaeum sanguinolentum subsp. rhodopygiale Rensch, 1928"
"Leptocoma aspasia [aspasia Group]","['Leptocoma aspasia aspasia', None, 'Leptocoma aspasia mariae (Ripley, 1959)', 'Leptocoma aspasia cochrani (Stresemann & Paludan, 1932)', 'Leptocoma aspasia maforensis (A.B.Meyer, 1874)', None, 'Leptocoma aspasia mysorensis (A.B.Meyer, 1874)', 'Leptocoma aspasia nigriscapularis (Salvadori, 1876)', 'Leptocoma aspasia veronica (Mees, 1965)', 'Leptocoma aspasia cornelia (Salvadori, 1878)', 'Leptocoma aspasia christianae (Tristram, 1889)']"
"Cinnyris ludovicensis whytei/skye","['Cinnyris whytei subsp. whytei', 'Cinnyris whytei subsp. whytei']"
"Cinnyris ornatus",""
"Cinnyris ornatus [ornatus Group]","['Cinnyris jugularis subsp. andamanicus (Hume, 1873)', 'Cinnyris jugularis subsp. klossi (Richmond, 1902)', 'Cinnyris jugularis subsp. proselius Oberholser, 1923', 'Cinnyris jugularis subsp. flammaxillaris (Blyth, 1845)', 'Cinnyris jugularis subsp. ornatus Lesson, 1827', 'Cinnyris jugularis subsp. polyclystus Oberholser, 1912']"
"Cinnyris ornatus rhizophorae","Cinnyris jugularis subsp. rhizophorae (Swinhoe, 1869)"
"Cinnyris infrenatus","Cinnyris jugularis subsp. infrenatus Hartert, 1903"
"Cinnyris frenatus","Cinnyris jugularis subsp. frenatus (S.Muller, 1843)"
"Cinnyris aurora","Cinnyris jugularis subsp. aurora (Tweeddale, 1878)"
"Cinnyris clementiae","Cinnyris jugularis subsp. clementiae Lesson, 1827"
"Cinnyris teysmanni","Cinnyris jugularis subsp. teysmanni Büttikofer, 1893"
"Aethopyga pulcherrima jefferyi","Aethopyga jefferyi (Ogilvie-Grant, 1894)"
"Aethopyga pulcherrima decorosa","Aethopyga decorosa (McGregor, 1907)"
"Aethopyga pulcherrima pulcherrima","Aethopyga pulcherrima Sharpe, 1876"
"Emblema ruficauda","Bathilda ruficauda (Gould, 1837)"
"Emblema modesta","Neochmia modesta (Gould, 1837)"
"Erythrura cyaneovirens [regia Group]","['Erythrura regia (P.L.Sclater, 1881)', 'Erythrura regia subsp. efatensis Mayr, 1931', 'Erythrura regia subsp. efatensis Mayr, 1931']"
"Prunella ocularis ocularis",""
"Anthus cinnamomeus [cinnamomeus Group]","['Anthus cinnamomeus subsp. lynesi Bannerman & Bates, 1926', 'Anthus cinnamomeus subsp. stabilis Clancey, 1986', 'Anthus cinnamomeus subsp. cinnamomeus Rüppell, 1840', 'Anthus cinnamomeus subsp. annae Meinertzhagen, 1921', 'Anthus cinnamomeus subsp. itombwensis Prigogine, 1982', 'Anthus cinnamomeus subsp. lacuum Meinertzhagen, 1920', 'Anthus cinnamomeus subsp. lichenya Vincent, 1933', 'Anthus cinnamomeus subsp. spurius Clancey, 1951', 'Anthus cinnamomeus subsp. bocagii Nicholson, 1884', 'Anthus cinnamomeus subsp. rufuloides Roberts, 1936']"
"Anthus japonicus","Anthus rubescens subsp. japonicus Temminck & Schlegel, 1847"
"Chloris chloris","Chloris chloris (Linnaeus, 1758)"
"Chloris sinica","Chloris sinica (Linnaeus, 1766)"
"Chloris sinica [sinica Group]","['Chloris sinica subsp. sinica', 'Chloris sinica subsp. chabarowi', 'Chloris sinica subsp. ussuriensis Hartert, 1903','Chloris sinica subsp. kawarahiba (Temminck, 1836)', 'Chloris sinica subsp. minor (Temminck & Schlegel, 1848)']"
"Agelasticus cyanopus atroolivaceus/unicolor","['Agelasticus cyanopus subsp. atroolivaceus (Wied-Neuwied, 1831)','Agelasticus cyanopus subsp. xenicus (Parkes, 1966)']"
"Geothlypis semiflava chiriquensis","Geothlypis chiriquensis Salvin, 1872"
"Driophlox fuscicauda","Habia fuscicauda (Cabanis, 1861)"
"Driophlox fuscicauda [salvini Group]","['Habia fuscicauda subsp. salvini (von Berlepsch, 1883)', 'Habia fuscicauda subsp. insularis (Salvin, 1888)','Habia fuscicauda subsp. discolor (Ridgway, 1901)']"
"Driophlox fuscicauda [fuscicauda Group]","['Habia fuscicauda subsp. fuscicauda (Cabanis, 1861)', 'Habia fuscicauda subsp. willisi Parkes, 1969','Habia fuscicauda subsp. erythrolaema (P.L.Sclater, 1862)']"
"Driophlox gutturalis","Habia gutturalis (P.L.Sclater, 1854)"
"Driophlox atrimaxillaris","Habia atrimaxillaris (Dwight & Griscom, 1924)"
"Driophlox cristata","Habia cristata (Lawrence, 1875)"
"Ramphocelus bresilius","Ramphocelus bresilia (Linnaeus, 1766)"
"Sicalis uropygialis","Sicalis uropigyalis (d'Orbigny & Lafresnaye, 1837)"
